time,v1,v2,v3,voltage,charging,percent
2026-08-27 16:36:37,3795,3795,3795,3795,0,59
2026-08-27 16:36:40,3795,3795,3795,3795,0,59
2026-08-27 16:36:42,3795,3795,3795,3795,0,59
2026-08-28 09:48:51,3791,3791,3791,3791,0,58
2026-08-31 11:46:29,3730,3730,3730,3730,0,44
2026-08-31 15:53:18,3707,3707,3707,3707,0,39
2026-09-01 09:00:08,4188,4188,4188,4188,1,99
2026-09-01 09:04:11,4176,4176,4176,4176,0,99
2026-09-01 10:09:50,4146,4146,4146,4146,0,97
2026-09-07 16:44:56,3801,3801,3801,3801,0,60
2026-09-09 15:30:16,3720,3720,3720,3720,0,42
2026-09-10 14:27:35,4183,4183,4183,4183,1,99
2026-09-11 14:39:48,4056,4056,4056,4056,0,91
2026-09-14 14:00:20,0,3950,3950,3950,0,82
2026-09-14 14:07:38,3947,3947,3947,3947,0,82
2026-09-14 14:08:35,3947,3947,3947,3947,0,82
2026-09-14 14:08:56,3947,3947,3947,3947,0,82
2026-09-14 14:17:09,3945,3945,3945,3945,0,81
2026-09-14 14:17:35,3945,3945,3945,3945,0,81
2026-09-14 14:17:42,3945,3945,3945,3945,0,81
2026-09-14 14:17:45,3945,3945,3945,3945,0,81
2026-09-14 14:19:05,3944,3944,3944,3944,0,81
2026-09-14 14:19:30,3944,3944,3944,3944,0,81
2026-09-14 14:24:26,3944,3944,3944,3944,0,81
2026-09-14 14:25:00,3943,3943,3943,3943,0,81
2026-09-14 14:41:22,3941,3941,3941,3941,0,81
2026-09-14 14:46:10,3938,3938,3938,3938,0,81
2026-09-14 14:47:48,3938,3938,3938,3938,0,81
2026-09-14 14:49:53,3938,3938,3938,3938,0,81
2026-09-14 14:51:07,3938,3938,3938,3938,0,81
2026-09-14 14:52:04,3938,3938,3938,3938,0,81
2026-09-14 15:01:08,3929,3929,3929,3929,0,79
2026-09-14 15:01:24,3929,3929,3929,3929,0,79
2026-09-14 15:01:40,3929,3929,3929,3929,0,79
2026-09-14 15:04:32,3929,3929,3929,3929,0,79
2026-09-14 15:04:39,3929,3929,3929,3929,0,79
2026-09-14 15:07:56,3929,3929,3929,3929,0,79
2026-09-14 15:08:12,3929,3929,3929,3929,0,79
2026-09-14 15:08:14,3929,3929,3929,3929,0,79
2026-09-14 15:20:43,4000,4000,4000,4000,1,88
2026-09-14 15:21:18,3972,3972,3972,3972,0,85
2026-09-14 15:21:45,3954,3954,3954,3954,0,82
2026-09-14 15:21:46,3954,3954,3954,3954,0,82
2026-09-14 15:21:49,4026,4026,4026,4026,1,90
2026-09-14 15:21:53,4026,4026,4026,4026,1,90
2026-09-14 15:22:01,4036,4036,4036,4036,1,90
2026-09-14 15:22:05,4049,4049,4049,4049,1,91
2026-09-14 15:22:12,4049,4049,4049,4049,1,91
2026-09-14 15:22:15,4051,4051,4051,4051,1,91
2026-09-14 15:22:20,4051,4051,4051,4051,1,91
2026-09-14 15:22:25,4056,4056,4056,4056,1,91
2026-09-14 15:22:35,4062,4062,4062,4062,1,92
2026-09-14 15:22:42,4065,4065,4065,4065,1,92
2026-09-14 15:22:47,4071,4071,4071,4071,1,92
2026-09-14 15:22:53,4073,4073,4073,4073,1,92
2026-09-14 15:22:58,4073,4073,4073,4073,1,92
2026-09-14 15:23:03,4074,4074,4074,4074,1,92
2026-09-14 15:23:08,4074,4074,4074,4074,1,92
2026-09-14 15:23:13,4076,4076,4076,4076,1,93
2026-09-14 15:23:18,4078,4078,4078,4078,1,93
2026-09-14 15:23:23,4078,4078,4078,4078,1,93
2026-09-14 15:23:28,4078,4078,4078,4078,1,93
2026-09-14 15:23:33,4082,4082,4082,4082,1,93
2026-09-14 15:23:38,4082,4082,4082,4082,1,93
2026-09-14 15:23:43,4082,4082,4082,4082,1,93
2026-09-14 15:23:48,4082,4082,4082,4082,1,93
2026-09-14 15:23:53,4083,4083,4083,4083,1,93
2026-09-14 15:24:03,4005,4005,4005,4005,0,88
2026-09-14 15:24:09,3993,3993,3993,3993,0,87
2026-09-14 15:24:14,3986,3986,3986,3986,0,86
2026-09-14 15:24:19,3986,3986,3986,3986,0,86
2026-09-14 15:24:24,3982,3982,3982,3982,0,86
2026-09-14 15:24:29,3982,3982,3982,3982,0,86
2026-09-14 15:24:34,3979,3979,3979,3979,0,85
2026-09-14 15:24:39,3971,3971,3971,3971,0,85
2026-09-14 15:24:44,3971,3971,3971,3971,0,85
2026-09-15 08:38:21,3903,3903,3903,3903,0,76
2026-09-15 08:38:28,3903,3903,3903,3903,0,76
2026-09-15 08:38:30,3903,3903,3903,3903,0,76
2026-09-15 08:38:33,3903,3903,3903,3903,0,76
2026-09-15 08:38:36,3903,3903,3903,3903,0,76
2026-09-15 08:38:38,3903,3903,3903,3903,0,76
2026-09-16 09:55:27,3825,3825,3825,3825,0,64
2026-09-16 10:17:30,3825,3825,3825,3825,0,64
